x, y, theta, stamp, 
5.704823750804956e-05, -9.883936963898416e-07, 4.3286830955969247e-07, 6135000000, 
5.7498443192918316e-05, -9.886072531243585e-07, 4.3600633316117283e-07, 6169000000, 
0.0012132721467628467, -9.93378982032753e-07, 1.4894063049242932e-06, 6271000000, 
0.011610398197119632, -1.0213326696568305e-06, 1.8526794743962972e-06, 6373000000, 
0.031233497850257246, 4.315745711556635e-05, 0.011181635282764071, 6475000000, 
0.05356447911550635, 0.0008236752802529749, 0.05599428728091433, 6577000000, 
0.07584168146075766, 0.002578421813420688, 0.10174968662998421, 6679000000, 
0.09800983549365228, 0.005372165122520211, 0.15065997183979113, 6781000000, 
0.1199846104303154, 0.009355229842003078, 0.2064993066653634, 6883000000, 
0.14173107593201342, 0.014483840504343024, 0.2589154799287942, 6985000000, 
0.16315073864787638, 0.02082158528388854, 0.3154069521840629, 7087000000, 
0.1842352496489963, 0.028255242856928302, 0.3638082330970367, 7189000000, 
0.19810560206051875, 0.033742715645487115, 0.3910154370380154, 7257000000, 
0.21858654717306916, 0.042728109780615815, 0.4362342029270101, 7359000000, 
0.23868440099736882, 0.05255784249006801, 0.4731637655056286, 7461000000, 
0.2584266594873505, 0.06307802515758577, 0.5060988472333031, 7563000000, 
0.2778625003946566, 0.0741711831492328, 0.5335439097229527, 7665000000, 
0.2969539641605168, 0.08584336966946886, 0.5633587848007813, 7767000000, 
0.31573616234240154, 0.09802924897442951, 0.5883259119973957, 7869000000, 
0.33423644558208004, 0.11065272894153338, 0.6108940390080155, 7971000000, 
0.35240747776544995, 0.12374139064419029, 0.6366719717444856, 8073000000, 
0.3702772422254104, 0.13725684169490396, 0.6586974436909129, 8175000000, 
0.38787250882170077, 0.15114047129056812, 0.6787442266425446, 8277000000, 
0.4051400504282359, 0.16541771745777314, 0.7021032629306183, 8379000000, 
0.42210140834903, 0.18005266814760854, 0.7219836114662143, 8481000000, 
0.43879061787064866, 0.19499441829708947, 0.7387031681006081, 8583000000, 
0.4552586447240444, 0.21018843102929752, 0.7529966305362984, 8685000000, 
0.4660860946173582, 0.22047328988228648, 0.7660133833114565, 8753000000, 
0.4821156933386065, 0.23613568472720978, 0.7818022816636914, 8855000000, 
0.49791285757463216, 0.2520444774144365, 0.7954302731993573, 8957000000, 
0.5135139097420199, 0.26815166629965087, 0.8081403721027057, 9059000000, 
0.528852543037034, 0.2844918519811077, 0.8248456453783182, 9161000000, 
0.5439432832909918, 0.30105805561706517, 0.8392381903811155, 9263000000, 
0.5588140603156933, 0.31782532425402454, 0.8514441295486239, 9365000000, 
0.5735062330856239, 0.33475864511040676, 0.8619846674618474, 9467000000, 
0.5879660066986302, 0.3518869566074442, 0.8763763764500421, 9569000000, 
0.6022085394132998, 0.36920405224900554, 0.8886903184700384, 9671000000, 
0.6162535956555573, 0.38668221347982423, 0.8991512581757856, 9773000000, 
0.6301352468981019, 0.4042883915903487, 0.9081945122001296, 9875000000, 
0.643802415791597, 0.4220516226360179, 0.920856809687247, 9977000000, 
0.6572725860293328, 0.4399731076416303, 0.9316769886217916, 10079000000, 
0.6705671931813606, 0.45803296116801856, 0.9408244821922929, 10181000000, 
0.6837174187451761, 0.47620087504721037, 0.948689211396188, 10283000000, 
0.6923754141927086, 0.48838237054106165, 0.956792346524541, 10351000000, 
0.7052070875400082, 0.5067675678547638, 0.9663544879365855, 10453000000, 
0.717870705910582, 0.5252717216846944, 0.9745415320749842, 10555000000, 
0.7304006551815317, 0.543871729198705, 0.9815248498566199, 10657000000, 
0.7428139634964877, 0.5625543865335072, 0.9874413279338246, 10759000000, 
0.7550684070109952, 0.581333511675074, 0.996810671350532, 10861000000, 
0.7671705772739084, 0.6002124999212524, 1.0047409407244352, 10963000000, 
0.7791356352839222, 0.6191800571716106, 1.0114053550316697, 11065000000, 
0.790993760264044, 0.6382190752939677, 1.0162746302167067, 11167000000, 
0.8027712725103239, 0.6573107923092122, 1.0206147618312011, 11269000000, 
0.8144145388936, 0.6764778897552738, 1.0284187592559857, 11371000000, 
0.8259250850997499, 0.6957265591213817, 1.0352873462444687, 11473000000, 
0.8373130178622167, 0.7150488389506291, 1.0412195940625046, 11575000000, 
0.848603051690163, 0.7344312885092735, 1.0456259933280934, 11677000000, 
0.8598206892467277, 0.753859045274019, 1.0487750885202003, 11779000000, 
0.8709857367278636, 0.7733183796745857, 1.051735629571525, 11881000000, 
0.8783677645813723, 0.7863197288502811, 1.0567701412766968, 11949000000, 
0.8893435662824647, 0.8058802292193074, 1.0625646448870565, 12051000000, 
0.900205469176783, 0.8255045181822598, 1.0678994669128439, 12153000000, 
0.9109731343342913, 0.8451824481275104, 1.0722957230395715, 12255000000, 
0.9216666076900886, 0.8649033474707644, 1.0756121169032815, 12357000000, 
0.9323032876412889, 0.8846558599067946, 1.0787366949017978, 12459000000, 
0.9428284114198172, 0.9044609316589006, 1.0852052426596057, 12561000000, 
0.9532394582570703, 0.924327488692416, 1.0909951878529836, 12663000000, 
0.9635434729917165, 0.9442510018913902, 1.09605834487242, 12765000000, 
0.9737614411525494, 0.964221407151206, 1.099826523147319, 12867000000, 
0.983913281289305, 0.9842265274536963, 1.103219080460949, 12969000000, 
0.9939548597926482, 1.0042815866032324, 1.1093680975555718, 13071000000, 
1.0038876716310234, 1.0243924823610733, 1.1147393833243069, 13173000000, 
1.0137211254231697, 1.0445535552114384, 1.1193260993247705, 13275000000, 
1.023476497788638, 1.064755052917709, 1.122666164058351, 13377000000, 
1.0299475031630703, 1.078239967139393, 1.124147835753705, 13445000000, 
1.0396185477901398, 1.0984853636954828, 1.1259217487471629, 13547000000, 
1.049261615831797, 1.118745536349902, 1.1270277485680782, 13649000000, 
1.0588490880737746, 1.1390244504874156, 1.1317534663952291, 13751000000, 
1.068347183536399, 1.1593465908969696, 1.1358921966820719, 13853000000, 
1.07775814720185, 1.1797096183633913, 1.1398759842498423, 13955000000, 
1.0870977297239834, 1.2001072070814587, 1.1429990363548204, 14057000000, 
1.0963819792166711, 1.2205316048030177, 1.1453454235155727, 14159000000, 
1.105626688562563, 1.2409755464379586, 1.1469424176464518, 14261000000, 
1.114843030043899, 1.2614322090344094, 1.1486006489873593, 14363000000, 
1.1239822871953147, 1.2819173397846417, 1.1531444755736606, 14465000000, 
1.1330383657608292, 1.302440254495254, 1.1573122155751445, 14567000000, 
1.139031143766839, 1.3161423890002841, 1.159825023210145, 14635000000, 
1.1479615909063716, 1.3367226366390803, 1.1627994111991147, 14737000000, 
1.1597895539029204, 1.364199903606928, 1.1655158612438232, 14873000000, 
1.165679629544158, 1.377949502363836, 1.1665511832516184, 14941000000, 
1.174495415054374, 1.3985830923089642, 1.1676109696944736, 15043000000, 
1.183260496158419, 1.419232314946081, 1.1715734969978535, 15145000000, 
1.1919469211811742, 1.4399156034551968, 1.1751653001026836, 15247000000, 
1.2005568474078274, 1.4606311880506069, 1.178593953142212, 15349000000, 
1.2091044762318732, 1.4813739839037277, 1.1812840498744037, 15451000000, 
1.2176041305095333, 1.502137865628903, 1.1832757271777499, 15553000000, 
1.2260699168190234, 1.5229169940051448, 1.1846082177860098, 15655000000, 
1.231700866871897, 1.536775745770011, 1.1851298047564673, 15723000000, 
1.2401043001128604, 1.557575215218133, 1.1888909058219794, 15825000000, 
1.2484340890171428, 1.578405262229575, 1.192181028221765, 15927000000, 
1.2566932168565712, 1.5992636565717782, 1.195361401927846, 16029000000, 
1.2648943697936825, 1.6201460920614792, 1.1979326290403058, 16131000000, 
1.2730466388650963, 1.6410491958263973, 1.1997769753230378, 16233000000, 
1.2811684548915347, 1.6619652558010394, 1.2010264241502517, 16335000000, 
1.2892707253313969, 1.6828900267871936, 1.201750396507446, 16437000000, 
1.2973603427186966, 1.7038194613225257, 1.2026210308354053, 16539000000, 
1.305395493982581, 1.7247648771822959, 1.2059042352264104, 16641000000, 
1.3133689127994432, 1.7457343532062843, 1.2089771874439137, 16743000000, 
1.321281517879053, 1.7667274832296904, 1.2117494162561382, 16845000000, 
1.3291445338402157, 1.7877406009754537, 1.2138078211344412, 16947000000, 
1.3369707739515388, 1.8087687104366548, 1.215255210204985, 17049000000, 
1.3447722509841953, 1.8298071256552817, 1.2161788933319058, 17151000000, 
1.3525583458296597, 1.8508518969476562, 1.2167246291630676, 17253000000, 
1.360335738089857, 1.871900420123114, 1.2170084859909445, 17355000000, 
1.3681089084276068, 1.8929509222007335, 1.2171278232253342, 17457000000, 
1.3758805633294326, 1.9140021416316217, 1.2171511797032515, 17559000000, 
1.3836522078705726, 1.9350533884386099, 1.2171258798921092, 17661000000, 
1.391424574251634, 1.9561044798884375, 1.2170809536100475, 17763000000, 
1.3966066734484073, 1.9701383907299677, 1.2170484226457365, 17831000000, 
1.4043806105661536, 1.9911888841226995, 1.2170042977018962, 17933000000, 
1.4121553898982298, 2.0122390204080456, 1.2169677743010296, 18035000000, 
1.4199308745209627, 2.03328895523092, 1.2169369847915545, 18137000000, 
1.4277068884065258, 2.0543386407050783, 1.2169142711152507, 18239000000, 
1.435483309268196, 2.075388151467159, 1.2168978426832002, 18341000000, 
1.443260044102823, 2.0964375710200436, 1.2168863021546463, 18443000000, 
1.4510369859493017, 2.1174868576943338, 1.2168780784045137, 18545000000, 
1.458814106388869, 2.138536107602625, 1.2168720735451608, 18647000000, 
1.4665913669800048, 2.159585337306725, 1.2168674565023545, 18749000000, 
1.4743687131945058, 2.1806344646595597, 1.2168636523782181, 18851000000, 
1.481806852131601, 2.200807585520875, 1.2245742819244192, 18953000000, 
1.4879314082992647, 2.2182678936485094, 1.2276509480864612, 19055000000, 
1.4925480049534536, 2.2314024689417042, 1.2323052335769475, 19157000000, 
1.4957165414985851, 2.2404048521079107, 1.2321121173107896, 19259000000, 
1.497752491845697, 2.2461426629220136, 1.2271565227734524, 19361000000, 
